Satellite(s),Image Acquisition Completion Time,Year of Satellite Launch,SMC,Imaging Mode,PAN Res,N_PAN,N_MS,MS Res,MOA,Price,,,,,,,,,,,,,,,,,,,,,,,,,,,,
Pléiades Neo,earlier,2021,1.2,single,30,6,0,0,25,22.5,,,,,,,,,,,,,,,,,,,,,,,,,,,,
Pléiades Neo,earlier,2021,1.2,single,30,1,4,120,25,22.5,,,,,,,,,,,,,,,,,,,,,,,,,,,,
WorldView- 3/4,earlier,2014,6,single,30,4,0,0,25,22.5,,,,,,,,,,,,,,,,,,,,,,,,,,,,
WorldView- 3/4,earlier,2014,6,single,30,1,4,120,25,22.5,,,,,,,,,,,,,,,,,,,,,,,,,,,,
WorldView-3,earlier,2014,6,single,30,1,8,120,25,24,,,,,,,,,,,,,,,,,,,,,,,,,,,,
WorldView-3,earlier,2014,6,single,0,0,8,370,25,24,,,,,,,,,,,,,,,,,,,,,,,,,,,,
BJ3N,earlier,2021,0.8,single,30,1,4,120,25,16,,,,,,,,,,,,,,,,,,,,,,,,,,,,
Jilin-1 Daytime,earlier,2015,0.5,single,30,1,4,120,25,22,,,,,,,,,,,,,,,,,,,,,,,,,,,,
SuperView NEO-1,earlier,2021,1,single,30,1,4,120,25,20,,,,,,,,,,,,,,,,,,,,,,,,,,,,
SuperView-2,earlier,2018,1,single,40,1,4,160,25,17,,,,,,,,,,,,,,,,,,,,,,,,,,,,
GeoEye-1 WorldView- 2/3/4,earlier,2009,6,single,40,1,0,0,25,16,,,,,,,,,,,,,,,,,,,,,,,,,,,,
GeoEye-1 WorldView- 2/3/4,earlier,2009,6,single,40,4,0,0,25,19.5,,,,,,,,,,,,,,,,,,,,,,,,,,,,
GeoEye-1 WorldView- 2/3/4,earlier,2009,6,single,40,1,4,160,25,19.5,,,,,,,,,,,,,,,,,,,,,,,,,,,,
WorldView- 2/3,earlier,2009,6,single,40,1,8,160,25,21,,,,,,,,,,,,,,,,,,,,,,,,,,,,
GeoEye-1 WorldView- 2/3/4,earlier,2009,6,single,50,1,0,0,25,14,,,,,,,,,,,,,,,,,,,,,,,,,,,,
GeoEye-1 WorldView- 2/3/4,earlier,2009,6,single,50,4,0,0,25,17.5,,,,,,,,,,,,,,,,,,,,,,,,,,,,
GeoEye-1 WorldView- 2/3/4,earlier,2009,6,single,50,1,4,200,25,17.5,,,,,,,,,,,,,,,,,,,,,,,,,,,,
WorldView- 2/3,earlier,2009,6,single,50,1,8,200,25,19,,,,,,,,,,,,,,,,,,,,,,,,,,,,
Pléiades 1,earlier,2012,1.2,single,50,4,0,0,25,12.5,,,,,,,,,,,,,,,,,,,,,,,,,,,,
Pléiades 1,earlier,2012,1.2,single,50,1,4,200,25,12.5,,,,,,,,,,,,,,,,,,,,,,,,,,,,
WorldView-1,earlier,2007,6,single,50,1,0,0,25,14,,,,,,,,,,,,,,,,,,,,,,,,,,,,
SuperView-1,earlier,2016,1,single,50,1,4,200,25,14,,,,,,,,,,,,,,,,,,,,,,,,,,,,
Jilin-1 Daytime,earlier,2015,0.5,single,50,1,4,200,25,8,,,,,,,,,,,,,,,,,,,,,,,,,,,,
BJ3A,earlier,2020,0.8,single,50,1,4,200,25,12,,,,,,,,,,,,,,,,,,,,,,,,,,,,
SkySat,earlier,2014,0.5,single,65,1,4,81,25,6.5,,,,,,,,,,,,,,,,,,,,,,,,,,,,
"KOMPSAT-3A
** delivered at 40- cm & 50-cm also",earlier,2015,1,single,55,4,0,0,25,8,,,,,,,,,,,,,,,,,,,,,,,,,,,,
"KOMPSAT-3A
** delivered at 40- cm & 50-cm also",earlier,2015,1,single,55,1,4,220,25,8,,,,,,,,,,,,,,,,,,,,,,,,,,,,
QuickBird,earlier,2002,3,single,60,1,0,0,25,14,,,,,,,,,,,,,,,,,,,,,,,,,,,,
QuickBird,earlier,2002,3,single,60,4,0,0,25,17.5,,,,,,,,,,,,,,,,,,,,,,,,,,,,
QuickBird,earlier,2002,3,single,60,1,4,240,25,17.5,,,,,,,,,,,,,,,,,,,,,,,,,,,,
GeoEye-1 WorldView- 1/2/3/4 QuickBird,earlier,2009,6,single,70,1,0,0,25,7,,,,,,,,,,,,,,,,,,,,,,,,,,,,
GeoEye-1 WorldView- 1/2/3/4 QuickBird,earlier,2009,6,single,70,4,0,0,25,10.5,,,,,,,,,,,,,,,,,,,,,,,,,,,,
GeoEye-1 WorldView- 1/2/3/4 QuickBird,earlier,2009,6,single,70,1,4,280,25,10.5,,,,,,,,,,,,,,,,,,,,,,,,,,,,
WorldView- 2/3,earlier,2009,6,single,70,1,8,280,25,12,,,,,,,,,,,,,,,,,,,,,,,,,,,,
"KOMPSAT-3
** delivered at 50- cm / 2-m also",earlier,2012,1,single,70,4,0,0,25,8,,,,,,,,,,,,,,,,,,,,,,,,,,,,
"KOMPSAT-3
** delivered at 50- cm / 2-m also",earlier,2012,1,single,70,1,4,280,25,8,,,,,,,,,,,,,,,,,,,,,,,,,,,,
EROS B,earlier,2006,0.4,single,70,1,0,0,25,10,,,,,,,,,,,,,,,,,,,,,,,,,,,,
GEOSAT-2,earlier,2006,0.3,single,75,4,0,0,25,7,,,,,,,,,,,,,,,,,,,,,,,,,,,,
GEOSAT-2,earlier,2006,0.3,single,100,1,4,400,25,7,,,,,,,,,,,,,,,,,,,,,,,,,,,,
IKONOS,earlier,2000,3,single,80,1,4,320,25,10,,,,,,,,,,,,,,,,,,,,,,,,,,,,
GaoFen-2,earlier,2014,1.5,single,80,1,0,0,25,2.7,,,,,,,,,,,,,,,,,,,,,,,,,,,,
GaoFen-2,earlier,2014,1.5,single,80,1,4,320,25,4.5,,,,,,,,,,,,,,,,,,,,,,,,,,,,
TripleSat (BJ2),earlier,2019,0.8,single,80,1,4,320,25,6,,,,,,,,,,,,,,,,,,,,,,,,,,,,
Jilin-1 Daytime,earlier,2015,0.5,single,85,1,4,350,25,6,,,,,,,,,,,,,,,,,,,,,,,,,,,,
TeLEOS-1,earlier,2015,0.8,single,100,1,0,0,100,4,,,,,,,,,,,,,,,,,,,,,,,,,,,,
KazEOSat-1,earlier,2014,0.7,single,100,1,4,400,100,3,,,,,,,,,,,,,,,,,,,,,,,,,,,,
KOMPSAT-2,earlier,2006,0.6,single,100,4,0,0,25,4,,,,,,,,,,,,,,,,,,,,,,,,,,,,
KOMPSAT-2,earlier,2006,0.6,single,100,1,4,400,25,4,,,,,,,,,,,,,,,,,,,,,,,,,,,,
SPOT 6/7,earlier,2012,2,single,150,4,0,0,25,2.5,,,,,,,,,,,,,,,,,,,,,,,,,,,,
SPOT 6/7,earlier,2012,2,single,150,1,4,600,100,2.5,,,,,,,,,,,,,,,,,,,,,,,,,,,,
FORMOSAT-5,earlier,2016,1,single,200,1,0,0,100,1.6,,,,,,,,,,,,,,,,,,,,,,,,,,,,
FORMOSAT-5,earlier,2016,1,single,0,0,4,400,200,1.6,,,,,,,,,,,,,,,,,,,,,,,,,,,,
FORMOSAT-2,earlier,2004,0.6,single,200,1,4,400,200,2.08,,,,,,,,,,,,,,,,,,,,,,,,,,,,
GaoFen-1,earlier,2013,0.8,single,200,1,0,0,500,1,,,,,,,,,,,,,,,,,,,,,,,,,,,,
GaoFen-1,earlier,2013,0.8,single,200,1,4,800,500,1.7,,,,,,,,,,,,,,,,,,,,,,,,,,,,
EROS A,earlier,2001,0.4,single,200,1,0,0,375,0.5,,,,,,,,,,,,,,,,,,,,,,,,,,,,
ZiYuan-3,earlier,2013,0.8,single,210,1,0,0,500,1.2,,,,,,,,,,,,,,,,,,,,,,,,,,,,
ZiYuan-3,earlier,2013,0.8,single,210,1,4,580,500,2.1,,,,,,,,,,,,,,,,,,,,,,,,,,,,
PlanetScope,earlier,2017,0.003,single,0,0,4,300,250,2.25,,,,,,,,,,,,,,,,,,,,,,,,,,,,
RapidEye,earlier,2008,1,single,0,0,5,500,375,1.28,,,,,,,,,,,,,,,,,,,,,,,,,,,,
SPOT 6/7,earlier,2012,2,single,0,0,4,600,100,1.15,,,,,,,,,,,,,,,,,,,,,,,,,,,,
KazEOSat-2,earlier,2017,0.7,single,0,0,5,6.5,500,0.6,,,,,,,,,,,,,,,,,,,,,,,,,,,,
OHS,earlier,2010,1,single,0,0,32,10,2500,2,,,,,,,,,,,,,,,,,,,,,,,,,,,,
Pléiades Neo Stereo,earlier,2010,1.2,stereo,30,6,0,0,25,42.5,,,,,,,,,,,,,,,,,,,,,,,,,,,,
Pléiades Neo Stereo,earlier,2010,1.2,stereo,30,1,4,120,25,42.5,,,,,,,,,,,,,,,,,,,,,,,,,,,,
Pléiades Neo Tri-Stereo,earlier,2010,1.2,tri-stereo,30,6,0,0,25,55,,,,,,,,,,,,,,,,,,,,,,,,,,,,
Pléiades Neo Tri-Stereo,earlier,2010,1.2,tri-stereo,30,1,4,120,25,55,,,,,,,,,,,,,,,,,,,,,,,,,,,,
WorldView- 3/4,earlier,2014,6,stereo,30,1,0,0,100,38,,,,,,,,,,,,,,,,,,,,,,,,,,,,
WorldView- 3/4,earlier,2014,6,stereo,30,4,0,0,100,45,,,,,,,,,,,,,,,,,,,,,,,,,,,,
WorldView- 3/4,earlier,2014,6,stereo,30,1,4,120,100,45,,,,,,,,,,,,,,,,,,,,,,,,,,,,
WorldView-3,earlier,2014,6,stereo,30,1,8,120,100,48,,,,,,,,,,,,,,,,,,,,,,,,,,,,
"BJ3N
Stereo",earlier,2021,0.8,stereo,30,1,4,120,25,30,,,,,,,,,,,,,,,,,,,,,,,,,,,,
"BJ3N
Tri-Stereo",earlier,2021,0.8,tri-stereo,30,1,4,120,25,38,,,,,,,,,,,,,,,,,,,,,,,,,,,,
SuperView Neo-1,earlier,2021,1,stereo,30,1,4,120,100,40,,,,,,,,,,,,,,,,,,,,,,,,,,,,
SuperView-2,earlier,2018,1,stereo,30,1,4,160,100,36,,,,,,,,,,,,,,,,,,,,,,,,,,,,
GeoEye-1 WorldView- 2/3/4,earlier,2009,6,stereo,40,1,0,0,100,32,,,,,,,,,,,,,,,,,,,,,,,,,,,,
GeoEye-1 WorldView- 2/3/4,earlier,2009,6,stereo,40,4,0,0,100,39,,,,,,,,,,,,,,,,,,,,,,,,,,,,
GeoEye-1 WorldView- 2/3/4,earlier,2009,6,stereo,40,1,4,160,100,39,,,,,,,,,,,,,,,,,,,,,,,,,,,,
WorldView- 2/3,earlier,2009,6,stereo,40,1,8,160,100,42,,,,,,,,,,,,,,,,,,,,,,,,,,,,
GeoEye-1 WorldView- 2/3/4,earlier,2009,6,stereo,50,1,0,0,100,28,,,,,,,,,,,,,,,,,,,,,,,,,,,,
GeoEye-1 WorldView- 2/3/4,earlier,2009,6,stereo,50,4,0,0,100,35,,,,,,,,,,,,,,,,,,,,,,,,,,,,
GeoEye-1 WorldView- 2/3/4,earlier,2009,6,stereo,50,1,4,200,100,35,,,,,,,,,,,,,,,,,,,,,,,,,,,,
WorldView- 2/3,earlier,2009,6,stereo,50,1,8,200,100,38,,,,,,,,,,,,,,,,,,,,,,,,,,,,
Pléiades 1 Stereo,earlier,2012,1.2,stereo,50,4,0,0,25,25,,,,,,,,,,,,,,,,,,,,,,,,,,,,
Pléiades 1 Stereo,earlier,2012,1.2,stereo,50,1,4,200,25,25,,,,,,,,,,,,,,,,,,,,,,,,,,,,
Pléiades 1 Tri-Stereo,earlier,2012,1.2,tri-stereo,50,4,0,0,25,37.5,,,,,,,,,,,,,,,,,,,,,,,,,,,,
Pléiades 1 Tri-Stereo,earlier,2012,1.2,tri-stereo,50,1,4,200,25,37.5,,,,,,,,,,,,,,,,,,,,,,,,,,,,
WorldView-1,earlier,2007,6,stereo,50,1,0,0,100,28,,,,,,,,,,,,,,,,,,,,,,,,,,,,
SuperView-1,earlier,2016,1,stereo,50,1,4,200,100,28,,,,,,,,,,,,,,,,,,,,,,,,,,,,
"BJ3A
Stereo",earlier,2020,0.8,stereo,50,1,4,200,25,24,,,,,,,,,,,,,,,,,,,,,,,,,,,,
"BJ3A
Tri - Stereo",earlier,2020,0.8,tri-stereo,50,1,4,200,25,30,,,,,,,,,,,,,,,,,,,,,,,,,,,,
"KOMPSAT-3A
** delivered at 40- cm & 50-cm also",earlier,2015,1,stereo,55,4,0,0,25,16,,,,,,,,,,,,,,,,,,,,,,,,,,,,
"KOMPSAT-3A
** delivered at 40- cm & 50-cm also",earlier,2015,1,stereo,55,1,4,220,25,16,,,,,,,,,,,,,,,,,,,,,,,,,,,,
KOMPSAT-3,earlier,2012,1,stereo,70,4,0,0,100,16,,,,,,,,,,,,,,,,,,,,,,,,,,,,
KOMPSAT-3,earlier,2012,1,stereo,70,1,4,220,100,16,,,,,,,,,,,,,,,,,,,,,,,,,,,,
"EROS B
Stereo",earlier,2006,0.4,stereo,70,1,0,0,25,20,,,,,,,,,,,,,,,,,,,,,,,,,,,,
"EROS B
Tri-Stereo",earlier,2006,0.4,tri-stereo,70,1,0,0,25,30,,,,,,,,,,,,,,,,,,,,,,,,,,,,
GEOSAT-2,earlier,2006,0.3,stereo,75,4,0,0,25,12,,,,,,,,,,,,,,,,,,,,,,,,,,,,
GEOSAT-2,earlier,2006,0.3,stereo,75,1,4,300,25,12,,,,,,,,,,,,,,,,,,,,,,,,,,,,
Jilin-1,earlier,2015,0.5,stereo,75,1,4,300,100,18,,,,,,,,,,,,,,,,,,,,,,,,,,,,
IKONOS,earlier,2000,3,stereo,80,1,4,320,100,20,,,,,,,,,,,,,,,,,,,,,,,,,,,,
KazEOSat-1,earlier,2014,0.7,stereo,100,1,4,400,100,7,,,,,,,,,,,,,,,,,,,,,,,,,,,,
KOMPSAT-2,earlier,2006,0.6,stereo,100,4,0,0,100,8,,,,,,,,,,,,,,,,,,,,,,,,,,,, 
KOMPSAT-2,earlier,2006,0.6,stereo,100,1,4,400,100,8,,,,,,,,,,,,,,,,,,,,,,,,,,,,
"SPOT 6/7
Stereo",earlier,2012,2,stereo,150,4,0,0,100,5,,,,,,,,,,,,,,,,,,,,,,,,,,,,
"SPOT 6/7
Stereo",earlier,2012,2,stereo,150,1,4,600,100,5,,,,,,,,,,,,,,,,,,,,,,,,,,,,
"SPOT 6/7
Tri-Stereo",earlier,2012,2,tri-stereo,150,4,0,0,100,7.5,,,,,,,,,,,,,,,,,,,,,,,,,,,,
"SPOT 6/7
Tri-Stereo",earlier,2012,2,tri-stereo,150,1,4,600,100,7.5,,,,,,,,,,,,,,,,,,,,,,,,,,,,
ALOS PRISM,earlier,2006,1,stereo,250,1,0,0,3600,0.15,,,,,,,,,,,,,,,,,,,,,,,,,,,,
ZiYuan-3,earlier,2012,0.8,stereo,350,1,0,0,500,4.2,,,,,,,,,,,,,,,,,,,,,,,,,,,,
KazEOSat-2,earlier,2017,0.7,stereo,0,0,5,650,500,1.2,,,,,,,,,,,,,,,,,,,,,,,,,,,,
Pléiades Neo, recently,2021,1.2,single,30,6,0,0,25,22.5,,,,,,,,,,,,,,,,,,,,,,,,,,,,
Pléiades Neo, recently,2021,1.2,single,30,1,4,120,25,22.5,,,,,,,,,,,,,,,,,,,,,,,,,,,,
WorldView- 3/4, recently,2014,6,single,30,4,0,0,25,32.5,,,,,,,,,,,,,,,,,,,,,,,,,,,,
WorldView- 3/4, recently,2014,6,single,30,1,4,120,25,32.5,,,,,,,,,,,,,,,,,,,,,,,,,,,,
WorldView-3, recently,2014,6,single,30,1,8,120,25,34,,,,,,,,,,,,,,,,,,,,,,,,,,,,
WorldView-3, recently,2014,6,single,0,0,8,370,25,34,,,,,,,,,,,,,,,,,,,,,,,,,,,,
BJ3N, recently,2021,0.8,single,30,1,4,120,25,16,,,,,,,,,,,,,,,,,,,,,,,,,,,,
Jilin-1 Daytime, recently,2015,0.5,single,30,1,4,120,25,22,,,,,,,,,,,,,,,,,,,,,,,,,,,,
SuperView NEO-1, recently,2021,1,single,30,1,4,120,25,20,,,,,,,,,,,,,,,,,,,,,,,,,,,,
SuperView-2, recently,2018,1,single,40,1,4,160,25,18,,,,,,,,,,,,,,,,,,,,,,,,,,,,
GeoEye-1 WorldView- 2/3/4, recently,2009,6,single,40,1,0,0,25,26,,,,,,,,,,,,,,,,,,,,,,,,,,,,
GeoEye-1 WorldView- 2/3/4, recently,2009,6,single,40,4,0,0,25,29.5,,,,,,,,,,,,,,,,,,,,,,,,,,,,
GeoEye-1 WorldView- 2/3/4, recently,2009,6,single,40,1,4,160,25,29.5,,,,,,,,,,,,,,,,,,,,,,,,,,,,
WorldView- 2/3, recently,2009,6,single,40,1,8,160,25,31,,,,,,,,,,,,,,,,,,,,,,,,,,,,
GeoEye-1 WorldView- 2/3/4, recently,2009,6,single,50,1,0,0,25,24,,,,,,,,,,,,,,,,,,,,,,,,,,,,
GeoEye-1 WorldView- 2/3/4, recently,2009,6,single,50,4,0,0,25,27.5,,,,,,,,,,,,,,,,,,,,,,,,,,,,
GeoEye-1 WorldView- 2/3/4, recently,2009,6,single,50,1,4,200,25,27.5,,,,,,,,,,,,,,,,,,,,,,,,,,,,
WorldView- 2/3, recently,2009,6,single,50,1,8,200,25,29,,,,,,,,,,,,,,,,,,,,,,,,,,,,
Pléiades 1, recently,2012,1.2,single,50,4,0,0,25,12.5,,,,,,,,,,,,,,,,,,,,,,,,,,,,
Pléiades 1, recently,2012,1.2,single,50,1,4,200,25,12.5,,,,,,,,,,,,,,,,,,,,,,,,,,,,
WorldView-1, recently,2007,6,single,50,1,0,0,25,24,,,,,,,,,,,,,,,,,,,,,,,,,,,,
SuperView-1, recently,2016,1,single,50,1,4,200,25,14,,,,,,,,,,,,,,,,,,,,,,,,,,,,
Jilin-1 Daytime, recently,2015,0.5,single,50,1,4,200,25,8,,,,,,,,,,,,,,,,,,,,,,,,,,,,
BJ3A, recently,2020,0.8,single,50,1,4,200,25,12,,,,,,,,,,,,,,,,,,,,,,,,,,,,
SkySat, recently,2014,0.5,single,65,1,4,81,25,6.5,,,,,,,,,,,,,,,,,,,,,,,,,,,,
"KOMPSAT-3A
** delivered at 40- cm & 50-cm also", recently,2015,1,single,55,4,0,0,25,8,,,,,,,,,,,,,,,,,,,,,,,,,,,,
"KOMPSAT-3A
** delivered at 40- cm & 50-cm also", recently,2015,1,single,55,1,4,220,25,8,,,,,,,,,,,,,,,,,,,,,,,,,,,,
GeoEye-1 WorldView- 1/2/3/4 QuickBird, recently,2009,6,single,70,1,0,0,25,10.5,,,,,,,,,,,,,,,,,,,,,,,,,,,,
GeoEye-1 WorldView- 1/2/3/4 QuickBird, recently,2009,6,single,70,4,0,0,25,10.5,,,,,,,,,,,,,,,,,,,,,,,,,,,,
GeoEye-1 WorldView- 1/2/3/4 QuickBird, recently,2009,6,single,70,1,4,280,25,10.5,,,,,,,,,,,,,,,,,,,,,,,,,,,,
WorldView- 2/3, recently,2009,6,single,70,1,8,280,25,12,,,,,,,,,,,,,,,,,,,,,,,,,,,,
"KOMPSAT-3
** delivered at 50- cm / 2-m also", recently,2012,1,single,70,4,0,0,25,8,,,,,,,,,,,,,,,,,,,,,,,,,,,,
"KOMPSAT-3
** delivered at 50- cm / 2-m also", recently,2012,1,single,70,1,4,280,25,8,,,,,,,,,,,,,,,,,,,,,,,,,,,,
EROS B, recently,2006,0.4,single,70,1,0,0,25,14,,,,,,,,,,,,,,,,,,,,,,,,,,,,
GEOSAT-2, recently,2006,0.3,single,75,4,0,0,25,7,,,,,,,,,,,,,,,,,,,,,,,,,,,,
GEOSAT-2, recently,2006,0.3,single,100,1,4,400,25,7,,,,,,,,,,,,,,,,,,,,,,,,,,,,
GaoFen-2, recently,2014,1.5,single,80,1,0,0,25,2.7,,,,,,,,,,,,,,,,,,,,,,,,,,,,
GaoFen-2, recently,2014,1.5,single,80,1,4,320,25,4.5,,,,,,,,,,,,,,,,,,,,,,,,,,,,
TripleSat (BJ2), recently,2019,0.8,single,80,1,4,320,25,6,,,,,,,,,,,,,,,,,,,,,,,,,,,,
Jilin-1 Daytime, recently,2015,0.5,single,85,1,4,350,25,6,,,,,,,,,,,,,,,,,,,,,,,,,,,,
TeLEOS-1, recently,2015,0.8,single,100,1,0,0,100,4,,,,,,,,,,,,,,,,,,,,,,,,,,,,
KazEOSat-1, recently,2014,0.7,single,100,1,4,400,100,3,,,,,,,,,,,,,,,,,,,,,,,,,,,,
KOMPSAT-2, recently,2006,0.6,single,100,4,0,0,25,4,,,,,,,,,,,,,,,,,,,,,,,,,,,,
KOMPSAT-2, recently,2006,0.6,single,100,1,4,400,25,4,,,,,,,,,,,,,,,,,,,,,,,,,,,,
SPOT 6/7, recently,2012,2,single,150,4,0,0,25,2.5,,,,,,,,,,,,,,,,,,,,,,,,,,,,
SPOT 6/7, recently,2012,2,single,150,1,4,600,100,2.5,,,,,,,,,,,,,,,,,,,,,,,,,,,,
FORMOSAT-5, recently,2016,1,single,200,1,0,0,100,1.6,,,,,,,,,,,,,,,,,,,,,,,,,,,,
FORMOSAT-5, recently,2016,1,single,0,0,4,400,200,1.6,,,,,,,,,,,,,,,,,,,,,,,,,,,,
GaoFen-1, recently,2013,0.8,single,200,1,0,0,500,1,,,,,,,,,,,,,,,,,,,,,,,,,,,,
GaoFen-1, recently,2013,0.8,single,200,1,4,800,500,1,,,,,,,,,,,,,,,,,,,,,,,,,,,,
EROS A, recently,2001,0.4,single,200,1,0,0,375,0.5,,,,,,,,,,,,,,,,,,,,,,,,,,,,
ZiYuan-3, recently,2013,0.8,single,210,1,0,0,500,2.1,,,,,,,,,,,,,,,,,,,,,,,,,,,,
ZiYuan-3, recently,2013,0.8,single,210,1,4,580,500,2.1,,,,,,,,,,,,,,,,,,,,,,,,,,,,
PlanetScope, recently,2017,0.003,single,0,0,4,300,250,2.25,,,,,,,,,,,,,,,,,,,,,,,,,,,,
SPOT 6/7, recently,2012,2,single,0,0,4,600,100,1.15,,,,,,,,,,,,,,,,,,,,,,,,,,,,
KazEOSat-2, recently,2017,0.7,single,0,0,5,6.5,500,0.6,,,,,,,,,,,,,,,,,,,,,,,,,,,,
OHS, recently,2010,1,single,0,0,32,10,2500,2,,,,,,,,,,,,,,,,,,,,,,,,,,,,
Pléiades Neo Stereo, recently,2010,1.2,stereo,30,6,0,0,25,42.5,,,,,,,,,,,,,,,,,,,,,,,,,,,,
Pléiades Neo Stereo, recently,2010,1.2,stereo,30,1,4,120,25,42.5,,,,,,,,,,,,,,,,,,,,,,,,,,,,
Pléiades Neo Tri-Stereo, recently,2010,1.2,tri-stereo,30,6,0,0,25,55,,,,,,,,,,,,,,,,,,,,,,,,,,,,
Pléiades Neo Tri-Stereo, recently,2010,1.2,tri-stereo,30,1,4,120,25,55,,,,,,,,,,,,,,,,,,,,,,,,,,,,
WorldView- 3/4, recently,2014,6,stereo,30,1,0,0,100,58,,,,,,,,,,,,,,,,,,,,,,,,,,,,
WorldView- 3/4, recently,2014,6,stereo,30,4,0,0,100,65,,,,,,,,,,,,,,,,,,,,,,,,,,,,
WorldView- 3/4, recently,2014,6,stereo,30,1,4,120,100,65,,,,,,,,,,,,,,,,,,,,,,,,,,,,
WorldView-3, recently,2014,6,stereo,30,1,8,120,100,68,,,,,,,,,,,,,,,,,,,,,,,,,,,,
"BJ3N
Stereo", recently,2021,0.8,stereo,30,1,4,120,25,30,,,,,,,,,,,,,,,,,,,,,,,,,,,,
"BJ3N
Tri-Stereo", recently,2021,0.8,tri-stereo,30,1,4,120,25,38,,,,,,,,,,,,,,,,,,,,,,,,,,,,
SuperView Neo-1, recently,2021,1,stereo,30,1,4,120,100,40,,,,,,,,,,,,,,,,,,,,,,,,,,,,
SuperView-2, recently,2018,1,stereo,30,1,4,160,100,36,,,,,,,,,,,,,,,,,,,,,,,,,,,,
GeoEye-1 WorldView- 2/3/4, recently,2009,6,stereo,40,1,0,0,100,52,,,,,,,,,,,,,,,,,,,,,,,,,,,,
GeoEye-1 WorldView- 2/3/4, recently,2009,6,stereo,40,4,0,0,100,59,,,,,,,,,,,,,,,,,,,,,,,,,,,,
GeoEye-1 WorldView- 2/3/4, recently,2009,6,stereo,40,1,4,160,100,59,,,,,,,,,,,,,,,,,,,,,,,,,,,,
WorldView- 2/3, recently,2009,6,stereo,40,1,8,160,100,62,,,,,,,,,,,,,,,,,,,,,,,,,,,,
GeoEye-1 WorldView- 2/3/4, recently,2009,6,stereo,50,1,0,0,100,48,,,,,,,,,,,,,,,,,,,,,,,,,,,,
GeoEye-1 WorldView- 2/3/4, recently,2009,6,stereo,50,4,0,0,100,55,,,,,,,,,,,,,,,,,,,,,,,,,,,,
GeoEye-1 WorldView- 2/3/4, recently,2009,6,stereo,50,1,4,200,100,55,,,,,,,,,,,,,,,,,,,,,,,,,,,,
WorldView- 2/3, recently,2009,6,stereo,50,1,8,200,100,58,,,,,,,,,,,,,,,,,,,,,,,,,,,,
Pléiades 1 Stereo, recently,2012,1.2,stereo,50,4,0,0,25,25,,,,,,,,,,,,,,,,,,,,,,,,,,,,
Pléiades 1 Stereo, recently,2012,1.2,stereo,50,1,4,200,25,25,,,,,,,,,,,,,,,,,,,,,,,,,,,,
Pléiades 1 Tri-Stereo, recently,2012,1.2,tri-stereo,50,4,0,0,25,37.5,,,,,,,,,,,,,,,,,,,,,,,,,,,,
Pléiades 1 Tri-Stereo, recently,2012,1.2,tri-stereo,50,1,4,200,25,37.5,,,,,,,,,,,,,,,,,,,,,,,,,,,,
WorldView-1, recently,2007,6,stereo,50,1,0,0,100,48,,,,,,,,,,,,,,,,,,,,,,,,,,,,
SuperView-1, recently,2016,1,stereo,50,1,4,200,100,28,,,,,,,,,,,,,,,,,,,,,,,,,,,,
"BJ3A
Stereo", recently,2020,0.8,stereo,50,1,4,200,25,24,,,,,,,,,,,,,,,,,,,,,,,,,,,,
"BJ3A
Tri - Stereo", recently,2020,0.8,tri-stereo,50,1,4,200,25,30,,,,,,,,,,,,,,,,,,,,,,,,,,,,
"KOMPSAT-3A
** delivered at 40- cm & 50-cm also", recently,2015,1,stereo,55,4,0,0,25,16,,,,,,,,,,,,,,,,,,,,,,,,,,,,
"KOMPSAT-3A
** delivered at 40- cm & 50-cm also", recently,2015,1,stereo,55,1,4,220,25,16,,,,,,,,,,,,,,,,,,,,,,,,,,,,
KOMPSAT-3, recently,2012,1,stereo,70,4,0,0,100,16,,,,,,,,,,,,,,,,,,,,,,,,,,,,
KOMPSAT-3, recently,2012,1,stereo,70,1,4,220,100,16,,,,,,,,,,,,,,,,,,,,,,,,,,,,
"EROS B
Stereo", recently,2006,0.4,stereo,70,1,0,0,25,28,,,,,,,,,,,,,,,,,,,,,,,,,,,,
"EROS B
Tri-Stereo", recently,2006,0.4,tri-stereo,70,1,0,0,25,42,,,,,,,,,,,,,,,,,,,,,,,,,,,,
GEOSAT-2, recently,2006,0.3,stereo,75,4,0,0,25,12,,,,,,,,,,,,,,,,,,,,,,,,,,,,
GEOSAT-2, recently,2006,0.3,stereo,75,1,4,300,25,12,,,,,,,,,,,,,,,,,,,,,,,,,,,,
Jilin-1, recently,2015,0.5,stereo,75,1,4,300,100,18,,,,,,,,,,,,,,,,,,,,,,,,,,,,
KazEOSat-1, recently,2014,0.7,stereo,100,1,4,400,100,7,,,,,,,,,,,,,,,,,,,,,,,,,,,,
KOMPSAT-2, recently,2006,0.6,stereo,100,4,0,0,100,8,,,,,,,,,,,,,,,,,,,,,,,,,,,, 
KOMPSAT-2, recently,2006,0.6,stereo,100,1,4,400,100,8,,,,,,,,,,,,,,,,,,,,,,,,,,,,
"SPOT 6/7
Stereo", recently,2012,2,stereo,150,4,0,0,100,5,,,,,,,,,,,,,,,,,,,,,,,,,,,,
"SPOT 6/7
Stereo", recently,2012,2,stereo,150,1,4,600,100,5,,,,,,,,,,,,,,,,,,,,,,,,,,,,
"SPOT 6/7
Tri-Stereo", recently,2012,2,tri-stereo,150,4,0,0,100,7.5,,,,,,,,,,,,,,,,,,,,,,,,,,,,
"SPOT 6/7
Tri-Stereo", recently,2012,2,tri-stereo,150,1,4,600,100,7.5,,,,,,,,,,,,,,,,,,,,,,,,,,,,
ZiYuan-3, recently,2012,0.8,stereo,350,1,0,0,500,4.2,,,,,,,,,,,,,,,,,,,,,,,,,,,,
KazEOSat-2, recently,2017,0.7,stereo,0,0,5,650,500,1.2,,,,,,,,,,,,,,,,,,,,,,,,,,,,
